{"cameraMode":{"drawMode":0,"name":"Shaded","section":"Shading Mode"},"sceneLighting":true,"audioPlay":false,"sceneViewState":{"m_AlwaysRefresh":false,"showFog":true,"showSkybox":true,"showFlares":true,"showImageEffects":true,"showParticleSystems":true,"showVisualEffectGraphs":true,"m_FxEnabled":true},"in2DMode":false,"pivot":{"x":-0.8966916799545288,"y":0.47774526476860049,"z":-0.9144021272659302},"rotation":{"x":-0.0491705946624279,"y":0.8958905339241028,"z":-0.10257648676633835,"w":-0.4294547140598297},"size":10.487931251525879,"orthographic":false}