{"cameraMode":{"drawMode":0,"name":"Shaded","section":"Shading Mode"},"sceneLighting":true,"audioPlay":false,"sceneViewState":{"m_AlwaysRefresh":false,"showFog":true,"showSkybox":true,"showFlares":true,"showImageEffects":true,"showParticleSystems":true,"showVisualEffectGraphs":true,"m_FxEnabled":true},"in2DMode":false,"pivot":{"x":1.6077014207839966,"y":0.8823385238647461,"z":-0.02696499228477478},"rotation":{"x":0.0541018508374691,"y":-0.9457684755325317,"z":0.21795469522476197,"w":0.23473046720027924},"size":4.718185901641846,"orthographic":false}